term,job,frequency,normalized
communication skills,PM,290,38
vendor,PM,246,33
scheduling,PM,208,27
problem solving,PM,208,27
project coordination,PM,201,26
fast paced,PM,161,21
management skills,PM,156,20
time management,PM,142,19
work remotely,PM,138,18
construction management,PM,132,17
consult,PM,124,16
best practices,PM,123,16
microsoft office,PM,118,15
accountability,PM,115,15
interpersonal skills,PM,110,14
attention to detail,PM,109,14
vaccination,PM,109,14
organizational skills,PM,109,14
invoicing,PM,102,13
construction project,PM,96,12
negotiation,PM,96,12
customer service,PM,95,12
change orders,PM,94,12
written verbal,PM,93,12
avec,PM,93,12
education experience,PM,91,12
preferred work,PM,90,12
time permanentsalary,PM,89,11
multiple projects,PM,89,11
years project,PM,88,11
decision making,PM,87,11
management years,PM,87,11
manager responsible,PM,87,11
ca canada,PM,87,11
year preferred,PM,85,11
management team,PM,84,11
verbal written,PM,84,11
recruitment process,PM,84,11
word excel,PM,83,11
lifecycle,PM,82,11
risk management,PM,82,11
work experience,PM,82,11
project deliverables,PM,81,10
project schedule,PM,80,10
sexual orientation,PM,80,10
ms project,PM,80,10
thank applicants,PM,80,10
real estate,PM,80,10
cover letter,PM,78,10
long term,PM,78,10
business development,PM,78,10
competency,PM,78,10
ms office,PM,77,10
oral written,PM,77,10
canada ’s,PM,77,10
carelife,PM,77,10
work closely,PM,76,10
productivity,PM,76,10
quality control,PM,76,10
fully vaccinated,PM,76,10
health carelife,PM,76,10
assigned projects,PM,75,10
solving skills,PM,75,10
project planning,PM,75,10
construction industry,PM,75,10
scope work,PM,75,10
interview contacted,PM,74,9
teamwork,PM,74,9
project execution,PM,74,9
bachelor’s degree,PM,74,9
policies procedures,PM,74,9
management project,PM,74,9
related experience,PM,73,9
mitigation,PM,73,9
flexibility,PM,72,9
management professional,PM,72,9
de projet,PM,72,9
de la,PM,72,9
ideal candidate,PM,71,9
powerpoint,PM,71,9
outlook,PM,71,9
high level,PM,70,9
excellent communication,PM,70,9
continuous improvement,PM,70,9
selected interview,PM,70,9
proven ability,PM,70,9
demonstrated ability,PM,70,9
scrum,PM,70,9
support project,PM,69,9
day day,PM,69,9
selection process,PM,69,9
team environment,PM,69,9
driver ’s,PM,69,9
aux,PM,69,9
ental,PM,69,9
shiftmonday,PM,69,9
verbal communication,PM,68,9
manage multiple,PM,68,9
national origin,PM,67,8
caredisability,PM,67,8
computer skills,PM,65,8
british columbia,PM,65,8
paced environment,PM,65,8
ability manage,PM,65,8
gestion,PM,65,8
billing,PM,64,8
university degree,PM,64,8
projects including,PM,63,8
project plan,PM,63,8
assurance,PM,63,8
work independently,PM,63,8
competitive salary,PM,63,8
civil engineering,PM,63,8
careextended health,PM,63,8
p.,PM,63,8
forecast,PM,62,8
type time,PM,62,8
id,PM,62,8
contracting,PM,62,8
track record,PM,62,8
years required,PM,62,8
high quality,PM,62,8
responsibilities include,PM,62,8
roofing,PM,62,8
skills including,PM,61,8
design construction,PM,61,8
combination education,PM,61,8
competitive compensation,PM,61,8
team player,PM,60,8
management software,PM,60,8
remediation,PM,60,8
duties responsibilities,PM,59,7
qualified applicants,PM,59,7
project performance,PM,59,7
gender identity,PM,59,7
large scale,PM,59,7
project related,PM,59,7
familiarity,PM,59,7
degree diploma,PM,59,7
insuranceon site,PM,59,7
insuranceon,PM,59,7
north america,PM,58,7
required work,PM,58,7
demonstrated experience,PM,58,7
life cycle,PM,57,7
self motivated,PM,57,7
rrsp,PM,57,7
skills experience,PM,57,7
race color,PM,57,7
engineering construction,PM,57,7
accessibility,PM,57,7
external stakeholders,PM,57,7
experience roject,PM,57,7
senior management,PM,57,7
key responsibilities,PM,56,7
preferred experience,PM,56,7
project controls,PM,56,7
careschedule hour,PM,56,7
project stakeholders,PM,55,7
human resources,PM,55,7
committed providing,PM,54,7
equivalent combination,PM,54,7
customer satisfaction,PM,54,7
ethic,PM,54,7
include limited,PM,54,7
liaison,PM,53,7
project progress,PM,53,7
management year,PM,53,7
able work,PM,53,7
including limited,PM,53,7
duties assigned,PM,53,7
human rights,PM,53,7
office suite,PM,52,6
’s license,PM,52,6
commissioning,PM,52,6
wellness,PM,52,6
aspects project,PM,50,6
diversity inclusion,PM,50,6
purchase orders,PM,50,6
valid driver,PM,50,6
projects time,PM,50,6
public service,PM,50,6
design build,PM,49,6
project schedules,PM,49,6
experience construction,PM,49,6
benefits package,PM,49,6
quality assurance,PM,49,6
color religion,PM,49,6
status reports,PM,49,6
work life,PM,49,6
et de,PM,49,6
timely manner,PM,49,6
degree preferred,PM,49,6
detail oriented,PM,48,6
professional development,PM,48,6
project risks,PM,48,6
ensure successful,PM,48,6
veteran status,PM,48,6
et les,PM,48,6
travail,PM,48,6
professional pmp,PM,48,6
erp,PM,48,6
years related,PM,48,6
information technology,PM,48,6
prioritization,PM,47,6
pmp certification,PM,47,6
autocad,PM,47,6
business administration,PM,47,6
project documentation,PM,47,6
qui,PM,47,6
project requirements,PM,47,6
technician,PM,47,6
hour shiftmonday,PM,47,6
yearbenefits,PM,47,6
schedule budget,PM,46,6
allocation,PM,46,6
capital projects,PM,46,6
communicating,PM,46,6
management tools,PM,46,6
project activities,PM,46,6
gestion de,PM,46,6
de projets,PM,46,6
knowledge skills,PM,46,6
work team,PM,46,6
p. eng,PM,46,6
post-secondary education,PM,45,6
end end,PM,45,6
complex projects,PM,45,6
applicants interest,PM,45,6
overall project,PM,45,6
orientation gender,PM,45,6
management related,PM,45,6
develop maintain,PM,45,6
facilitation,PM,45,6
jira,PM,45,6
people disabilities,PM,45,6
permanentbenefits,PM,45,6
wide range,PM,45,6
paybenefits,PM,45,6
pomerleau,PM,45,6
risks issues,PM,44,5
staffing,PM,44,5
team project,PM,44,5
successful completion,PM,44,5
regard race,PM,44,5
estimator,PM,44,5
project budgets,PM,44,5
willingness,PM,44,5
manager join,PM,44,5
work plans,PM,44,5
available request,PM,44,5
ability effectively,PM,44,5
leadership skills,PM,44,5
time permanentbenefits,PM,44,5
flexible work,PM,43,5
understanding project,PM,43,5
managing project,PM,43,5
pricing,PM,43,5
cibc,PM,43,5
carelife insuranceon,PM,43,5
require accommodation,PM,42,5
project program,PM,42,5
financial management,PM,42,5
project budget,PM,42,5
dependency,PM,42,5
project lifecycle,PM,42,5
knowledge experience,PM,42,5
start date,PM,42,5
et des,PM,42,5
g,PM,42,5
vaccinated covid-19,PM,42,5
software development,PM,42,5
manage projects,PM,42,5
manager project,PM,42,5
management office,PM,41,5
cushman wakefield,PM,41,5
cushman,PM,41,5
wakefield,PM,41,5
religion sex,PM,41,5
offer competitive,PM,41,5
assigned project,PM,41,5
experience considered,PM,41,5
goals objectives,PM,41,5
accommodations available,PM,41,5
world class,PM,41,5
computer science,PM,41,5
strong knowledge,PM,41,5
microsoft project,PM,41,5
analytical skills,PM,41,5
strong interpersonal,PM,41,5
ensure projects,PM,41,5
matchvision,PM,41,5
warranty,PM,41,5
previous experience,PM,40,5
persons disabilities,PM,40,5
point contact,PM,40,5
working relationships,PM,40,5
work project,PM,40,5
excel word,PM,40,5
looking project,PM,40,5
excel powerpoint,PM,40,5
sont,PM,40,5
strong communication,PM,40,5
budget schedule,PM,40,5
degree engineering,PM,40,5
client relationships,PM,40,5
caredisability insuranceextended,PM,40,5
insuranceextended health,PM,40,5
health care,PM,39,5
project objectives,PM,39,5
equivalent experience,PM,39,5
drawings specifications,PM,39,5
closing date,PM,39,5
des projets,PM,39,5
years relevant,PM,39,5
work canada,PM,39,5
ensure compliance,PM,39,5
maintain project,PM,39,5
m,PM,39,5
cost schedule,PM,39,5
project engineer,PM,39,5
related project,PM,39,5
eventsdental,PM,39,5
site parkingpaid,PM,39,5
parkingpaid time,PM,39,5
parkingpaid,PM,39,5
currently seeking,PM,38,5
qa,PM,38,5
ensure timely,PM,38,5
job title,PM,38,5
equal employment,PM,38,5
place work,PM,38,5
adherence,PM,38,5
written oral,PM,38,5
responsible managing,PM,38,5
project meetings,PM,38,5
contract administration,PM,38,5
fdm,PM,38,5
escalation,PM,37,4
rws,PM,37,4
presentation skills,PM,37,4
degree business,PM,37,4
technical project,PM,37,4
hiring process,PM,37,4
project work,PM,37,4
management principles,PM,37,4
duties required,PM,37,4
residential commercial,PM,37,4
pay bonus,PM,37,4
permanentsalary yearbenefits,PM,37,4
strong analytical,PM,37,4
lead project,PM,36,4
development project,PM,36,4
life balance,PM,36,4
à la,PM,36,4
project tasks,PM,36,4
analytics,PM,36,4
ability communicate,PM,36,4
experience leading,PM,36,4
applicants selected,PM,36,4
asset management,PM,36,4
seeking project,PM,36,4
remotely temporarily,PM,36,4
temporarily covid-19,PM,36,4
report project,PM,36,4
position requires,PM,36,4
type timesalary,PM,36,4
committed creating,PM,35,4
scope schedule,PM,35,4
meet deadlines,PM,35,4
experience required,PM,35,4
vaccine,PM,35,4
core values,PM,35,4
strong leadership,PM,35,4
detailed project,PM,35,4
avec les,PM,35,4
job requirements,PM,35,4
strong relationships,PM,35,4
excellent interpersonal,PM,35,4
management processes,PM,35,4
quality standards,PM,35,4
mindset,PM,35,4
pmp designation,PM,35,4
business requirements,PM,35,4
managing projects,PM,35,4
expenditure,PM,35,4
related duties,PM,35,4
ental careextended,PM,35,4
blueprint,PM,35,4
careschedule monday,PM,35,4
assistance programextended,PM,35,4
programextended health,PM,35,4
onsite,PM,35,4
client ’s,PM,35,4
audit,PM,34,4
develop project,PM,34,4
related discipline,PM,34,4
health dental,PM,34,4
management system,PM,34,4
process improvement,PM,34,4
scope budget,PM,34,4
homeschedule,PM,34,4
conflict resolution,PM,34,4
relevant experience,PM,34,4
effectively communicate,PM,34,4
experience asset,PM,34,4
canada 's,PM,34,4
knowledge project,PM,34,4
commercial industrial,PM,34,4
wsp,PM,34,4
key stakeholders,PM,33,4
knowledge microsoft,PM,33,4
meet needs,PM,33,4
constraint,PM,33,4
monitor progress,PM,33,4
highly organized,PM,33,4
employment opportunity,PM,33,4
applicants receive,PM,33,4
receive consideration,PM,33,4
consideration employment,PM,33,4
cost control,PM,33,4
start finish,PM,33,4
mentorship,PM,33,4
track project,PM,33,4
employment equity,PM,33,4
initiation,PM,33,4
interpersonal communication,PM,33,4
pmi,PM,33,4
growing company,PM,33,4
project goals,PM,33,4
bonus paybenefits,PM,33,4
cost effective,PM,33,4
knowledge construction,PM,33,4
project timelines,PM,32,4
team member,PM,32,4
sub-contractors,PM,32,4
multi-task,PM,32,4
marital status,PM,32,4
aptitude,PM,32,4
project success,PM,32,4
reimbursement,PM,32,4
additional information,PM,32,4
self starter,PM,32,4
award winning,PM,32,4
work ethic,PM,32,4
complete project,PM,32,4
career development,PM,32,4
deficiency,PM,32,4
general contractor,PM,32,4
project coordination,PM,32,4
communicator,PM,31,4
project resources,PM,31,4
employment regard,PM,31,4
work plan,PM,31,4
workload,PM,31,4
ontarians disabilities,PM,31,4
ontarians,PM,31,4
reporting project,PM,31,4
management business,PM,31,4
french english,PM,31,4
discount,PM,31,4
required project,PM,31,4
supply chain,PM,31,4
communicate effectively,PM,31,4
delivered time,PM,31,4
applicants disabilities,PM,31,4
acumen,PM,31,4
covid-19 vaccination,PM,31,4
projects project,PM,31,4
monitor project,PM,31,4
including project,PM,31,4
completion project,PM,31,4
automation,PM,31,4
site visits,PM,31,4
technologist,PM,31,4
workflow,PM,30,4
ensuring project,PM,30,4
submit resume,PM,30,4
encourages applications,PM,30,4
o,PM,30,4
protected veteran,PM,30,4
characteristic protected,PM,30,4
high performance,PM,30,4
occupational health,PM,30,4
accessibility ontarians,PM,30,4
excellent written,PM,30,4
achieve project,PM,30,4
deliver projects,PM,30,4
dans le,PM,30,4
proof vaccination,PM,30,4
english french,PM,30,4
safety quality,PM,30,4
solver,PM,30,4
disabilities act,PM,30,4
experienced project,PM,30,4
permanent time,PM,30,4
management methodologies,PM,30,4
company ’s,PM,30,4
hours work,PM,30,4
growing team,PM,30,4
matchvision careschedule,PM,30,4
assistant project,PM,30,4
yearadditional,PM,30,4
projects ensure,PM,30,4
ability read,PM,30,4
votre,PM,30,4
critical path,PM,29,3
skills abilities,PM,29,3
proven track,PM,29,3
strong working,PM,29,3
cost estimates,PM,29,3
project issues,PM,29,3
strong organizational,PM,29,3
communication interpersonal,PM,29,3
license certification,PM,29,3
work fast,PM,29,3
completed time,PM,29,3
career opportunities,PM,29,3
planning execution,PM,29,3
uhn,PM,29,3
working project,PM,29,3
civil construction,PM,29,3
industry experience,PM,29,3
yearadditional pay,PM,29,3
regular basis,PM,28,3
resume cover,PM,28,3
financial services,PM,28,3
critical thinking,PM,28,3
affirmative action,PM,28,3
training experience,PM,28,3
de travail,PM,28,3
question s,PM,28,3
hours week,PM,28,3
professional services,PM,28,3
excellent organizational,PM,28,3
work effectively,PM,28,3
products services,PM,28,3
pension plan,PM,28,3
engineering related,PM,28,3
eligibility,PM,28,3
application process,PM,28,3
contingency,PM,28,3
building science,PM,28,3
request candidates,PM,28,3
candidates taking,PM,28,3
management services,PM,28,3
driver 's,PM,28,3
's license,PM,28,3
shiftexperience,PM,28,3
variance,PM,27,3
sharepoint,PM,27,3
delivery projects,PM,27,3
reports project,PM,27,3
strong understanding,PM,27,3
ambition,PM,27,3
management support,PM,27,3
oil gas,PM,27,3
adjustment,PM,27,3
responsible planning,PM,27,3
program project,PM,27,3
contract management,PM,27,3
client satisfaction,PM,27,3
change order,PM,27,3
building codes,PM,27,3
client expectations,PM,27,3
mechanical electrical,PM,27,3
visible minorities,PM,27,3
diligence,PM,27,3
great place,PM,27,3
effectively manage,PM,27,3
visit website,PM,27,3
roles responsibilities,PM,27,3
work breakdown,PM,27,3
project costs,PM,27,3
experience years,PM,27,3
highly motivated,PM,27,3
independently team,PM,27,3
excellent oral,PM,27,3
relationship management,PM,27,3
contract documents,PM,27,3
client management,PM,27,3
crm,PM,27,3
change requests,PM,27,3
vaccination policy,PM,27,3
teck,PM,27,3
dynamic team,PM,27,3
candidates selected,PM,27,3
reasonable accommodation,PM,27,3
consultants contractors,PM,27,3
business process,PM,27,3
development projects,PM,27,3
assist project,PM,27,3
ici,PM,27,3
project reporting,PM,27,3
provide leadership,PM,27,3
financials,PM,27,3
taking aspects,PM,27,3
engineering project,PM,27,3
work home,PM,27,3
casual dresscompany,PM,27,3
dresscompany,PM,27,3
qc,PM,27,3
fabrication,PM,27,3
fridayeducation,PM,27,3
nunavut,PM,27,3
careflexible,PM,27,3
commercial construction,PM,27,3
working environment,PM,26,3
strong computer,PM,26,3
program management,PM,26,3
define project,PM,26,3
relationship building,PM,26,3
technical knowledge,PM,26,3
qualified candidates,PM,26,3
gestionnaire,PM,26,3
recruitment selection,PM,26,3
qualifications experience,PM,26,3
skills required,PM,26,3
estimation,PM,26,3
project reports,PM,26,3
role project,PM,26,3
organizational time,PM,26,3
team ensure,PM,26,3
execution projects,PM,26,3
waterfall,PM,26,3
feasibility,PM,26,3
projects delivered,PM,26,3
project close,PM,26,3
procore,PM,26,3
director project,PM,26,3
management practices,PM,26,3
communicate project,PM,26,3
senior leadership,PM,26,3
fridayexperience,PM,26,3
job sites,PM,26,3
new business,PM,26,3
meeting minutes,PM,26,3
ental caredisability,PM,26,3
insuranceemployee,PM,26,3
progress reports,PM,26,3
mississauga,PM,26,3
health careflexible,PM,26,3
business units,PM,25,3
ensure quality,PM,25,3
application deadline,PM,25,3
time permanent,PM,25,3
analytical problem,PM,25,3
resource requirements,PM,25,3
exciting opportunity,PM,25,3
motivated individual,PM,25,3
communicates,PM,25,3
successful project,PM,25,3
internal stakeholders,PM,25,3
safety standards,PM,25,3
dental benefits,PM,25,3
monday friday,PM,25,3
currently looking,PM,25,3
linkedin,PM,25,3
milestones deliverables,PM,25,3
innovative solutions,PM,25,3
leadership team,PM,25,3
condition employment,PM,25,3
ups,PM,25,3
cross-functional teams,PM,25,3
requisition,PM,25,3
rights code,PM,25,3
k,PM,25,3
product development,PM,25,3
marketing communications,PM,25,3
job posting,PM,25,3
ability travel,PM,25,3
projects completed,PM,25,3
excellent verbal,PM,25,3
shop drawings,PM,25,3
carework,PM,25,3
roadblock,PM,25,3
applications people,PM,25,3
caredisability insuranceemployee,PM,25,3
development team,PM,25,3
duties include,PM,25,3
planning scheduling,PM,25,3
hour shiftexperience,PM,25,3
project lead,PM,24,3
strong attention,PM,24,3
sex national,PM,24,3
local law,PM,24,3
implementation projects,PM,24,3
health benefits,PM,24,3
college diploma,PM,24,3
gestionnaire de,PM,24,3
et à,PM,24,3
et la,PM,24,3
project project,PM,24,3
thinker,PM,24,3
let know,PM,24,3
provide proof,PM,24,3
good understanding,PM,24,3
safety environmental,PM,24,3
business needs,PM,24,3
kpis,PM,24,3
bc public,PM,24,3
accomplishment,PM,24,3
managing multiple,PM,24,3
proficient microsoft,PM,24,3
processes procedures,PM,24,3
related projects,PM,24,3
scopes work,PM,24,3
customer experience,PM,24,3
team ’s,PM,24,3
projects simultaneously,PM,24,3
aspects selection,PM,24,3
insuranceemployee assistance,PM,24,3
eventsdental caredisability,PM,24,3
project life,PM,24,3
ability prioritize,PM,24,3
major projects,PM,23,3
project s,PM,23,3
quality work,PM,23,3
project ’s,PM,23,3
baseline,PM,23,3
ensures project,PM,23,3
consideration contacted,PM,23,3
certification preferred,PM,23,3
provides equal,PM,23,3
action employer,PM,23,3
disability protected,PM,23,3
status characteristic,PM,23,3
infrastructure projects,PM,23,3
exemption,PM,23,3
closeout,PM,23,3
development opportunities,PM,23,3
project including,PM,23,3
new projects,PM,23,3
profitability,PM,23,3
monitoring project,PM,23,3
coordinate project,PM,23,3
de gestion,PM,23,3
ans,PM,23,3
travailler,PM,23,3
utilization,PM,23,3
required experience,PM,23,3
manager work,PM,23,3
resolve issues,PM,23,3
build maintain,PM,23,3
multitask,PM,23,3
date job,PM,23,3
tight deadlines,PM,23,3
employment type,PM,23,3
meet project,PM,23,3
degree civil,PM,23,3
united states,PM,23,3
business acumen,PM,23,3
hvac,PM,23,3
technical expertise,PM,23,3
mechanical engineering,PM,23,3
organization skills,PM,23,3
oral communication,PM,23,3
preference given,PM,23,3
problem solver,PM,23,3
lessons learned,PM,23,3
position responsible,PM,23,3
fridaywork remotely,PM,23,3
fridaywork,PM,23,3
status updates,PM,23,3
visio,PM,23,3
yearschedule,PM,23,3
stakeholders including,PM,23,3
remote work,PM,23,3
permanentbenefits ental,PM,23,3
document control,PM,23,3
clearance,PM,23,3
referral,PM,23,3
backlog,PM,23,3
project financial,PM,23,3
fridayeducation bachelor,PM,23,3
project director,PM,23,3
carework homeschedule,PM,23,3
casual dressdental,PM,23,3
dressdental,PM,23,3
high volume,PM,23,3
rrsp matching,PM,23,3
paybenefits casual,PM,23,3
cwb,PM,23,3
primavera,PM,22,2
job summary,PM,22,2
strong written,PM,22,2
collaborative team,PM,22,2
collaborates,PM,22,2
b.c.,PM,22,2
plan organize,PM,22,2
readiness,PM,22,2
project administration,PM,22,2
world ’s,PM,22,2
work pressure,PM,22,2
business related,PM,22,2
chez,PM,22,2
assurer,PM,22,2
social media,PM,22,2
delivery project,PM,22,2
software tools,PM,22,2
administrative support,PM,22,2
required fully,PM,22,2
preferred license,PM,22,2
high degree,PM,22,2
effective communication,PM,22,2
encourage applications,PM,22,2
solve problems,PM,22,2
criminal record,PM,22,2
work location,PM,22,2
offs,PM,22,2
schedule cost,PM,22,2
management engineering,PM,22,2
project ensure,PM,22,2
construction related,PM,22,2
schedules budgets,PM,22,2
medium large,PM,22,2
successful delivery,PM,22,2
project implementation,PM,22,2
ambiguity,PM,22,2
proven experience,PM,22,2
business partners,PM,22,2
nova scotia,PM,22,2
cutting edge,PM,22,2
opportunity work,PM,22,2
construction experience,PM,22,2
key project,PM,22,2
phases project,PM,22,2
welcomes encourages,PM,22,2
activities including,PM,22,2
scrum master,PM,22,2
management plans,PM,22,2
oracle,PM,22,2
letter resume,PM,22,2
time offvision,PM,22,2
offvision,PM,22,2
ii,PM,22,2
phone calls,PM,22,2
project construction,PM,22,2
shiftexperience roject,PM,22,2
construction company,PM,22,2
cad,PM,22,2
canada ontario,PM,22,2
wide variety,PM,21,2
team building,PM,21,2
management process,PM,21,2
company culture,PM,21,2
netsuite,PM,21,2
proficiency microsoft,PM,21,2
package including,PM,21,2
recruiter,PM,21,2
resource management,PM,21,2
requirements project,PM,21,2
maintain strong,PM,21,2
project quality,PM,21,2
opportunity affirmative,PM,21,2
origin sexual,PM,21,2
identity disability,PM,21,2
state federal,PM,21,2
planning implementation,PM,21,2
work related,PM,21,2
management including,PM,21,2
architecture engineering,PM,21,2
soon possible,PM,21,2
position summary,PM,21,2
document management,PM,21,2
subject matter,PM,21,2
project coordinators,PM,21,2
employer committed,PM,21,2
visit www,PM,21,2
processus,PM,21,2
remotely yes,PM,21,2
strategic planning,PM,21,2
adobe,PM,21,2
extended health,PM,21,2
thank interest,PM,21,2
ses,PM,21,2
rapport,PM,21,2
diverse workforce,PM,21,2
key performance,PM,21,2
employment opportunities,PM,21,2
projects ensuring,PM,21,2
engineering degree,PM,21,2
support business,PM,21,2
high rise,PM,21,2
provide support,PM,21,2
spreadsheet,PM,21,2
ability build,PM,21,2
cost management,PM,21,2
diploma degree,PM,21,2
time time,PM,21,2
diploma engineering,PM,21,2
sex sexual,PM,21,2
manage change,PM,21,2
project completion,PM,21,2
project information,PM,21,2
issues risks,PM,21,2
business analysis,PM,21,2
levels organization,PM,21,2
university calgary,PM,21,2
fridaycovid-19 considerations,PM,21,2
envelope,PM,21,2
plans schedules,PM,21,2
time offrrsp,PM,21,2
offrrsp,PM,21,2
relevant stakeholders,PM,21,2
negotiation skills,PM,21,2
junior project,PM,21,2
ability perform,PM,21,2
degree related,PM,21,2
compensation benefits,PM,21,2
job duties,PM,21,2
clinical research,PM,21,2
homeschedule hour,PM,21,2
wsn,PM,21,2
mitacs,PM,21,2
team meetings,PM,20,2
diverse inclusive,PM,20,2
effective efficient,PM,20,2
support development,PM,20,2
create maintain,PM,20,2
identify manage,PM,20,2
large complex,PM,20,2
ensure work,PM,20,2
language english,PM,20,2
location s,PM,20,2
risk mitigation,PM,20,2
ability multi-task,PM,20,2
planning project,PM,20,2
manages project,PM,20,2
management activities,PM,20,2
client facing,PM,20,2
time scope,PM,20,2
extensive knowledge,PM,20,2
project milestones,PM,20,2
confidentiality,PM,20,2
service delivery,PM,20,2
reporting director,PM,20,2
travel required,PM,20,2
resource planning,PM,20,2
’s largest,PM,20,2
tracking project,PM,20,2
c,PM,20,2
questionnaire,PM,20,2
information systems,PM,20,2
barrier free,PM,20,2
stage recruitment,PM,20,2
based experience,PM,20,2
including ability,PM,20,2
repare,PM,20,2
multiple tasks,PM,20,2
strong work,PM,20,2
skills written,PM,20,2
skills strong,PM,20,2
business technology,PM,20,2
works closely,PM,20,2
development implementation,PM,20,2
project experience,PM,20,2
key role,PM,20,2
artifact,PM,20,2
perform duties,PM,20,2
gta,PM,20,2
exciting projects,PM,20,2
safety program,PM,20,2
yearbenefits ental,PM,20,2
insurancepaid time,PM,20,2
insurancepaid,PM,20,2
dresscompany eventsdental,PM,20,2
work hours,PM,20,2
permanentsalary yearadditional,PM,20,2
ability develop,PM,20,2
lower mainland,PM,20,2
team professionals,PM,20,2
construction drawings,PM,20,2
site meetings,PM,20,2
principles practices,PM,20,2
schedulelife,PM,20,2
cambium,PM,20,2
